"TIMESTAMP","STATION","WS_ms_10m_S_WVT","WD_10m_D1_WVT","WD_10m_SD1_WVT","WS_ms_20m_S_WVT","WD_20m_D1_WVT","WD_20m_SD1_WVT","SIN_WD10_Avg","COS_WD10_Avg","SIN_WD20_Avg","COS_WD20_Avg","Max15Gust_10","GustTime_10","Max15Gust_20","GustTime_20","Temp_C_3m_Avg","Temp_C_15m_Avg","DeltaT_Avg","AmbT_C_Avg","RH_Avg","SR_wm2_Avg","Precip_in_Tot","BP_mmHg","PTemp","BV_Avg"
"TIMESTAMP","","m/s","","","m/s","","","","","","","m/s","","m/s","","C","C","C","C","","","","","C",""
"2024-08-21 00:00:00","RIGI",5.728,232.3,11.44,6.324,123.8,12.57,-0.776,-0.599,0.811,-0.543,6.1,0.0,6.971,0.0,12.64,13.04,0.408,11.11,70.87,0.0,0.0,534.0,13.48,13.25
"2024-08-21 00:15:00","RIGI",2.874,253.0,28.83,3.107,108.8,24.07,-0.842,-0.257,0.844,-0.268,1.136,1500.0,1.026,1500.0,12.5,12.84,0.347,11.0,71.5,0.0,0.0,534.0,13.19,13.26
"2024-08-21 00:30:00","RIGI",1.563,289.3,43.71,1.72,70.6,44.64,-0.704,0.246,0.683,0.267,0.3,3000.0,0.258,3000.0,12.36,12.62,0.259,10.91,72.01,0.0,0.0,533.9,12.88,13.27
"2024-08-21 00:45:00","RIGI",2.301,328.7,53.27,2.502,32.07,51.44,-0.336,0.551,0.353,0.563,2.097,4500.0,2.359,4500.0,12.42,12.71,0.29,10.91,71.68,0.0,0.0,533.7,12.6,13.27
"2024-08-21 01:00:00","RIGI",2.369,314.6,30.41,2.597,44.63,29.48,-0.618,0.609,0.615,0.623,2.427,10000.0,2.619,10000.0,13.03,13.49,0.457,11.59,66.61,0.0,0.0,533.7,12.55,13.28
"2024-08-21 01:15:00","RIGI",2.549,334.8,10.32,2.891,28.7,8.21,-0.419,0.89,0.475,0.868,2.355,11500.0,3.023,11500.0,12.26,12.57,0.315,11.0,71.56,0.0,0.0,533.4,12.41,13.28
"2024-08-21 01:30:00","RIGI",2.141,333.9,8.77,2.599,25.5,9.05,-0.434,0.888,0.425,0.891,1.803,13000.0,2.378,13000.0,12.26,12.69,0.434,10.87,71.21,0.0,0.0,533.3,12.21,13.29
"2024-08-21 01:45:00","RIGI",1.246,340.0,20.7,0.817,19.99,1.904,-0.32,0.88,0.412,0.886,0.22,14500.0,0.0,13000.0,13.16,13.99,0.836,11.43,64.48,0.0,0.0,533.2,12.07,13.29
"2024-08-21 02:00:00","RIGI",0.91,356.2,20.08,0.0,0.0,0.0,-0.079,0.927,0.132,0.904,1.202,20000.0,0.0,13000.0,13.74,14.63,0.894,12.2,59.85,0.0,0.0,533.2,12.09,13.29
"2024-08-21 02:15:00","RIGI",1.212,338.4,8.61,0.038,19.03,0.181,-0.363,0.92,0.346,0.932,1.53,21500.0,0.021,21500.0,13.69,15.29,1.603,12.39,58.67,0.0,0.0,533.0,12.21,13.29
"2024-08-21 02:30:00","RIGI",1.539,326.3,6.771,1.552,30.27,5.701,-0.551,0.826,0.502,0.859,1.236,23000.0,1.35,23000.0,14.22,15.52,1.305,12.51,57.98,0.0,0.0,532.9,12.33,13.29
"2024-08-21 02:45:00","RIGI",0.919,341.9,11.33,0.658,15.13,12.05,-0.305,0.932,0.152,0.946,0.908,24500.0,0.582,24500.0,14.54,15.73,1.189,12.91,56.09,0.0,0.0,532.8,12.46,13.29
"2024-08-21 03:00:00","RIGI",1.048,8.82,15.12,0.903,343.2,9.37,0.148,0.954,-0.271,0.941,1.28,30000.0,1.49,30000.0,14.62,15.84,1.218,13.11,55.65,0.0,0.0,532.8,12.62,13.29
"2024-08-21 03:15:00","RIGI",1.597,49.76,17.79,1.916,306.5,18.72,0.727,0.615,-0.762,0.564,1.547,31500.0,1.832,31500.0,15.13,16.04,0.918,13.49,54.12,0.0,0.0,533.0,12.89,13.29
"2024-08-21 03:30:00","RIGI",1.773,84.1,25.0,2.037,273.4,19.42,0.904,0.094,-0.942,0.056,1.904,33000.0,2.268,33000.0,14.84,15.36,0.516,13.56,55.32,0.0,0.0,533.1,13.25,13.28
"2024-08-21 03:45:00","RIGI",2.236,91.1,17.15,2.536,269.4,13.71,0.956,-0.018,-0.972,-0.01,2.037,34500.0,2.177,34500.0,14.18,14.4,0.225,12.86,58.24,0.0,0.0,533.4,13.46,13.28
"2024-08-21 04:00:00","RIGI",3.113,93.7,24.88,3.554,272.4,21.79,0.907,-0.059,-0.929,0.038,3.233,40000.0,4.214,40000.0,14.1,14.25,0.145,12.75,60.62,0.0,0.0,533.5,13.62,13.27
"2024-08-21 04:15:00","RIGI",3.766,67.15,20.31,4.488,290.4,17.79,0.865,0.364,-0.893,0.332,5.376,41500.0,6.013,41500.0,13.28,13.33,0.047,11.97,65.75,0.0,0.0,533.6,13.64,13.27
"2024-08-21 04:30:00","RIGI",3.757,76.3,24.71,4.483,286.9,17.51,0.884,0.216,-0.913,0.278,2.765,43000.0,3.429,43000.0,13.37,13.39,0.023,11.92,65.56,0.0,0.0,533.6,13.61,13.27
"2024-08-21 04:45:00","RIGI",2.779,56.33,53.36,3.06,301.5,37.67,0.536,0.357,-0.639,0.436,2.928,44500.0,4.03,44500.0,13.21,13.24,0.028,11.81,66.28,0.0,0.0,533.7,13.58,13.27
"2024-08-21 05:00:00","RIGI",4.175,41.47,31.12,5.224,317.9,26.87,0.571,0.646,-0.6,0.664,5.829,50000.0,6.667,50000.0,13.23,13.21,-0.018,11.77,68.05,0.0,0.0,533.8,13.56,13.27
"2024-08-21 05:15:00","RIGI",5.483,29.47,21.35,6.831,326.5,18.85,0.459,0.812,-0.523,0.789,7.348,51500.0,8.36,51500.0,13.02,12.99,-0.024,11.65,69.64,1.454,0.0,533.9,13.55,13.27
"2024-08-21 05:30:00","RIGI",6.096,30.56,20.17,7.639,324.4,15.08,0.478,0.809,-0.563,0.785,6.442,53000.0,7.983,53000.0,12.79,12.73,-0.062,11.42,70.22,6.613,0.0,533.9,13.53,13.27
"2024-08-21 05:45:00","RIGI",6.364,23.7,17.14,8.17,326.2,20.58,0.384,0.875,-0.522,0.778,6.722,54500.0,8.52,54500.0,12.4,12.29,-0.103,11.07,72.76,9.57,0.0,534.1,13.44,13.27
"2024-08-21 06:00:00","RIGI",6.842,30.96,19.96,8.39,327.2,15.68,0.484,0.807,-0.522,0.809,4.234,60000.0,5.501,60000.0,12.21,12.11,-0.096,10.79,72.52,23.14,0.0,534.1,13.32,13.28
"2024-08-21 06:15:00","RIGI",3.788,28.2,20.06,4.66,321.3,22.3,0.444,0.828,-0.579,0.723,4.843,61500.0,5.99,61500.0,12.47,12.38,-0.087,10.99,71.11,30.13,0.0,534.1,13.29,13.28
"2024-08-21 06:30:00","RIGI",5.336,24.71,14.37,6.481,332.5,11.69,0.405,0.88,-0.453,0.869,5.131,63000.0,7.096,63000.0,12.7,12.62,-0.08,11.28,68.22,30.9,0.0,534.2,13.38,13.27
"2024-08-21 06:45:00","RIGI",4.611,31.36,19.44,5.738,323.4,18.88,0.491,0.806,-0.564,0.76,5.672,64500.0,6.658,64500.0,12.75,12.69,-0.066,11.36,66.82,25.08,0.0,534.1,13.48,13.27
"2024-08-21 07:00:00","RIGI",6.673,25.87,14.48,7.923,325.5,11.68,0.423,0.871,-0.554,0.807,5.294,70000.0,6.332,70000.0,12.89,12.9,0.013,11.38,64.19,21.78,0.0,534.0,13.49,13.27
"2024-08-21 07:15:00","RIGI",5.82,27.08,17.25,7.194,325.5,12.96,0.435,0.851,-0.551,0.804,4.009,71500.0,4.83,71500.0,13.08,13.11,0.029,11.73,63.86,23.18,0.008,534.2,13.55,13.27
"2024-08-21 07:30:00","RIGI",2.564,25.52,23.57,2.991,327.0,15.14,0.396,0.829,-0.526,0.81,2.15,73000.0,2.173,73000.0,12.22,12.48,0.263,10.9,71.37,55.42,0.012,534.0,13.3,13.27
"2024-08-21 07:45:00","RIGI",2.873,19.48,32.87,3.406,338.5,22.79,0.282,0.798,-0.338,0.859,2.74,74500.0,3.633,74500.0,12.82,13.24,0.426,11.19,67.38,148.0,0.0,533.9,13.22,13.27
"2024-08-21 08:00:00","RIGI",1.948,18.71,26.68,2.447,338.9,22.88,0.288,0.849,-0.332,0.861,1.691,80000.0,2.196,80000.0,14.85,15.45,0.602,12.94,56.66,155.1,0.0,533.8,13.61,13.27
"2024-08-21 08:15:00","RIGI",1.422,50.24,16.96,1.853,306.7,13.19,0.736,0.612,-0.781,0.582,1.424,81500.0,2.069,81500.0,15.78,15.95,0.162,14.25,52.09,195.9,0.0,533.9,14.41,13.25
"2024-08-21 08:30:00","RIGI",1.607,77.35,23.66,1.681,284.0,19.31,0.895,0.201,-0.915,0.23,2.439,83000.0,3.112,83000.0,16.05,15.9,-0.141,14.61,50.84,201.6,0.0,533.9,15.29,13.24
"2024-08-21 08:45:00","RIGI",2.067,67.01,23.32,2.616,295.1,17.83,0.847,0.359,-0.862,0.405,1.959,84500.0,2.78,84500.0,15.85,15.6,-0.249,14.47,52.8,223.8,0.0,534.0,16.06,13.23
"2024-08-21 09:00:00","RIGI",2.488,58.77,18.24,3.045,296.0,17.24,0.813,0.493,-0.858,0.419,2.505,90000.0,3.013,90000.0,15.93,15.66,-0.277,14.43,53.65,238.5,0.0,534.1,16.69,13.22
"2024-08-21 09:15:00","RIGI",3.077,52.71,28.53,3.774,304.6,23.34,0.702,0.535,-0.757,0.523,2.002,91500.0,2.317,91500.0,15.72,15.43,-0.29,14.23,55.08,218.9,0.0,534.1,17.15,13.21
"2024-08-21 09:30:00","RIGI",1.717,40.96,50.03,2.063,315.3,38.51,0.446,0.514,-0.56,0.566,1.667,93000.0,1.57,93000.0,15.64,15.24,-0.396,14.14,55.47,302.9,0.0,534.0,17.6,13.2
"2024-08-21 09:45:00","RIGI",2.213,14.03,53.18,2.679,330.6,35.64,0.157,0.627,-0.412,0.708,5.901,94500.0,6.421,94500.0,16.2,15.56,-0.638,14.8,52.9,454.7,0.0,534.0,18.54,13.18
"2024-08-21 10:00:00","RIGI",4.058,18.76,23.08,5.077,334.4,15.78,0.296,0.872,-0.416,0.868,3.721,100000.0,4.578,100000.0,16.13,15.56,-0.57,14.6,54.19,401.5,0.0,533.8,19.34,13.16
"2024-08-21 10:15:00","RIGI",4.112,13.53,19.75,5.069,339.9,14.93,0.22,0.916,-0.332,0.908,3.637,101500.0,4.352,101500.0,16.38,15.83,-0.551,14.72,54.87,441.5,0.0,533.6,19.86,13.15
"2024-08-21 10:30:00","RIGI",2.9,354.0,32.09,3.714,359.6,27.1,-0.09,0.849,-0.006,0.893,2.175,103000.0,2.941,103000.0,17.26,16.63,-0.625,15.45,52.86,420.7,0.0,533.5,20.42,13.14
"2024-08-21 10:45:00","RIGI",3.225,14.37,16.76,3.869,337.2,16.47,0.238,0.928,-0.372,0.884,2.545,104500.0,3.533,104500.0,17.38,16.82,-0.561,15.71,50.95,401.7,0.0,533.4,20.92,13.13
"2024-08-21 11:00:00","RIGI",3.638,35.41,24.47,4.523,321.9,17.43,0.528,0.743,-0.589,0.751,3.963,110000.0,5.964,110000.0,17.56,17.03,-0.529,15.87,51.89,407.4,0.0,533.4,21.3,13.13
"2024-08-21 11:15:00","RIGI",4.2,30.74,22.45,5.198,319.0,12.86,0.473,0.795,-0.639,0.736,3.226,111500.0,4.318,111500.0,17.71,17.08,-0.627,15.96,51.42,525.7,0.0,533.3,21.66,13.12
"2024-08-21 11:30:00","RIGI",3.622,41.2,22.09,4.552,314.0,15.61,0.611,0.698,-0.693,0.669,3.453,113000.0,4.735,113000.0,18.22,17.46,-0.758,16.47,50.66,616.5,0.0,533.4,22.43,13.1
"2024-08-21 11:45:00","RIGI",3.404,28.1,24.63,4.107,325.1,25.2,0.429,0.804,-0.518,0.744,3.332,114500.0,4.208,114500.0,18.31,17.58,-0.729,16.49,50.51,506.8,0.0,533.4,22.8,13.09
"2024-08-21 12:00:00","RIGI",3.052,14.27,27.78,3.763,340.2,24.41,0.219,0.861,-0.309,0.859,2.829,120000.0,2.752,120000.0,18.52,17.69,-0.832,16.75,50.81,533.4,0.0,533.4,23.24,13.09
"2024-08-21 12:15:00","RIGI",2.255,359.4,18.99,2.794,349.8,19.31,-0.01,0.946,-0.167,0.93,2.541,121500.0,2.88,121500.0,19.39,18.22,-1.17,17.54,50.58,732.4,0.0,533.3,24.1,13.07
"2024-08-21 12:30:00","RIGI",2.201,20.55,30.06,2.477,327.9,26.89,0.305,0.815,-0.473,0.759,1.889,123000.0,1.944,123000.0,19.59,18.58,-1.012,17.96,48.95,615.8,0.0,533.3,25.13,13.05
"2024-08-21 12:45:00","RIGI",2.164,56.52,29.95,2.557,299.0,29.05,0.727,0.481,-0.768,0.425,1.665,124500.0,1.79,124500.0,19.65,18.97,-0.686,17.71,48.11,423.0,0.0,533.1,25.16,13.05
"2024-08-21 13:00:00","RIGI",2.198,23.28,32.93,2.689,327.8,19.98,0.335,0.777,-0.501,0.796,3.542,130000.0,4.32,130000.0,20.15,19.41,-0.735,18.29,44.73,554.3,0.0,533.0,25.33,13.05
"2024-08-21 13:15:00","RIGI",1.872,47.94,55.05,2.104,310.7,43.24,0.464,0.419,-0.572,0.486,2.171,131500.0,3.595,131500.0,20.66,19.87,-0.787,18.77,43.99,742.6,0.0,533.0,25.73,13.04
"2024-08-21 13:30:00","RIGI",2.629,52.0,46.54,3.028,303.9,37.23,0.565,0.441,-0.671,0.451,2.399,133000.0,2.429,133000.0,22.02,20.78,-1.246,19.92,41.73,927.0,0.0,533.0,26.81,13.03
"2024-08-21 13:45:00","RIGI",3.475,52.58,32.71,4.328,304.8,24.97,0.674,0.515,-0.746,0.518,3.508,134500.0,4.396,134500.0,21.97,21.08,-0.887,20.07,35.96,761.9,0.0,532.8,27.54,13.01
"2024-08-21 14:00:00","RIGI",2.725,28.17,43.46,3.362,328.5,31.06,0.353,0.659,-0.45,0.735,3.095,140000.0,3.518,140000.0,21.91,21.12,-0.789,19.82,36.3,596.4,0.0,532.8,27.65,13.01
"2024-08-21 14:15:00","RIGI",1.857,57.43,58.26,1.989,298.4,47.49,0.497,0.317,-0.622,0.336,3.036,141500.0,2.788,141500.0,21.98,21.32,-0.666,19.97,35.33,480.2,0.0,533.0,27.54,13.01
"2024-08-21 14:30:00","RIGI",3.185,93.7,22.4,3.581,267.7,19.04,0.924,-0.06,-0.945,-0.038,4.796,143000.0,5.126,143000.0,21.73,21.12,-0.611,19.57,36.64,319.5,0.0,533.0,26.93,13.01
"2024-08-21 14:45:00","RIGI",3.561,123.6,19.96,3.656,238.5,19.75,0.784,-0.52,-0.803,-0.492,2.903,144500.0,3.332,144500.0,20.7,20.27,-0.428,18.52,46.21,187.0,0.0,533.0,25.67,13.02
"2024-08-21 15:00:00","RIGI",4.747,122.4,14.09,5.199,234.7,14.34,0.819,-0.52,-0.79,-0.56,4.308,150000.0,4.261,150000.0,20.1,19.67,-0.433,17.98,48.29,170.1,0.0,532.9,24.54,13.04
"2024-08-21 15:15:00","RIGI",3.716,92.4,52.17,3.842,269.7,35.34,0.656,-0.028,-0.822,-0.015,2.175,151500.0,2.014,151500.0,19.03,18.71,-0.315,17.0,40.06,191.7,0.0,532.7,23.45,13.05
"2024-08-21 15:30:00","RIGI",2.982,71.65,42.71,3.455,284.4,26.14,0.717,0.238,-0.872,0.223,4.798,153000.0,4.855,153000.0,18.82,18.49,-0.335,16.89,35.75,214.0,0.0,532.4,22.75,13.06
"2024-08-21 15:45:00","RIGI",2.104,87.7,26.26,2.327,273.6,25.42,0.899,0.036,-0.904,0.058,2.141,154500.0,2.177,154500.0,19.17,18.76,-0.412,17.13,34.44,267.0,0.0,532.2,22.46,13.06
"2024-08-21 16:00:00","RIGI",2.382,97.3,30.07,2.431,269.0,20.89,0.863,-0.11,-0.933,-0.007,3.497,160000.0,3.19,160000.0,19.26,18.97,-0.293,17.33,33.6,150.0,0.0,532.4,22.23,13.06
"2024-08-21 16:15:00","RIGI",3.722,105.1,18.87,3.858,262.7,20.05,0.914,-0.247,-0.933,-0.119,4.745,161500.0,5.101,161500.0,18.58,18.39,-0.198,16.67,34.73,112.7,0.0,532.4,21.62,13.07
"2024-08-21 16:30:00","RIGI",3.009,112.5,16.77,2.916,254.4,16.94,0.885,-0.367,-0.905,-0.241,3.341,163000.0,3.603,163000.0,18.24,18.05,-0.191,16.32,36.22,119.5,0.0,532.3,21.0,13.08
"2024-08-21 16:45:00","RIGI",2.937,114.7,14.23,2.985,243.8,13.72,0.881,-0.405,-0.872,-0.429,3.482,164500.0,3.55,164500.0,18.17,17.91,-0.262,16.28,37.21,155.3,0.0,532.3,20.66,13.09
"2024-08-21 17:00:00","RIGI",4.688,127.3,12.56,5.238,232.9,13.44,0.776,-0.592,-0.776,-0.587,4.614,170000.0,5.137,170000.0,17.99,17.82,-0.168,16.11,38.31,113.0,0.0,532.3,20.36,13.1
"2024-08-21 17:15:00","RIGI",3.083,108.2,19.98,3.165,252.3,17.02,0.893,-0.294,-0.911,-0.291,1.855,171500.0,1.415,171500.0,17.94,17.79,-0.151,16.02,37.32,102.8,0.0,532.3,20.03,13.1
"2024-08-21 17:30:00","RIGI",3.204,98.8,30.21,3.521,262.7,25.98,0.859,-0.133,-0.894,-0.114,5.076,173000.0,5.177,173000.0,18.0,17.89,-0.114,16.15,36.62,95.7,0.0,532.4,19.8,13.11
"2024-08-21 17:45:00","RIGI",3.638,115.9,16.89,3.989,244.8,18.31,0.861,-0.418,-0.859,-0.405,4.058,174500.0,4.49,174500.0,17.62,17.57,-0.058,15.9,38.09,70.28,0.0,532.4,19.47,13.11
"2024-08-21 18:00:00","RIGI",3.913,112.9,11.9,4.029,251.9,15.45,0.901,-0.381,-0.916,-0.3,3.48,180000.0,3.787,180000.0,17.37,17.36,-0.009,15.55,38.69,47.22,0.0,532.3,19.06,13.12
"2024-08-21 18:15:00","RIGI",2.933,103.7,19.57,2.996,263.6,19.14,0.916,-0.223,-0.939,-0.105,2.621,181500.0,3.465,181500.0,17.33,17.26,-0.072,15.54,38.76,25.98,0.0,532.2,18.74,13.13
"2024-08-21 18:30:00","RIGI",2.2,40.87,30.78,2.709,312.8,27.88,0.566,0.654,-0.651,0.603,3.011,183000.0,2.77,183000.0,17.04,17.12,0.078,15.38,39.78,12.83,0.0,532.0,18.37,13.14
"2024-08-21 18:45:00","RIGI",2.972,30.36,24.99,3.905,325.9,17.88,0.459,0.784,-0.533,0.789,4.096,184500.0,5.012,184500.0,16.84,16.99,0.142,15.13,40.26,2.246,0.0,532.1,17.87,13.15
"2024-08-21 19:00:00","RIGI",3.517,27.6,25.69,4.298,326.2,17.55,0.419,0.801,-0.53,0.793,3.121,190000.0,4.206,190000.0,16.76,16.84,0.079,15.09,40.23,0.0,0.0,532.3,17.48,13.15
"2024-08-21 19:15:00","RIGI",4.002,28.71,20.09,5.017,319.9,16.07,0.451,0.824,-0.619,0.735,3.702,191500.0,4.625,191500.0,16.67,16.75,0.085,14.96,41.19,0.0,0.0,532.3,17.23,13.16
"2024-08-21 19:30:00","RIGI",4.878,28.73,31.65,5.821,324.4,16.87,0.412,0.752,-0.558,0.778,7.526,193000.0,9.71,193000.0,16.27,16.22,-0.045,14.77,44.11,0.0,0.0,532.5,17.09,13.17
"2024-08-21 19:45:00","RIGI",6.497,13.58,22.39,8.0,337.3,20.83,0.217,0.9,-0.362,0.863,7.845,194500.0,9.28,194500.0,15.03,14.93,-0.101,13.51,53.79,0.0,0.0,532.5,16.75,13.17
"2024-08-21 20:00:00","RIGI",8.13,21.26,16.52,9.8,330.7,10.42,0.348,0.894,-0.481,0.858,9.08,200000.0,11.02,200000.0,14.36,14.25,-0.113,12.93,57.84,0.0,0.0,532.4,16.25,13.18
"2024-08-21 20:15:00","RIGI",10.24,17.11,22.23,12.2,335.1,9.53,0.273,0.886,-0.415,0.895,6.956,201500.0,8.58,201500.0,13.44,13.32,-0.117,11.97,62.54,0.0,0.0,532.5,15.61,13.19
"2024-08-21 20:30:00","RIGI",8.33,21.63,27.84,9.91,330.2,16.92,0.327,0.825,-0.475,0.831,9.11,203000.0,10.65,203000.0,13.12,13.02,-0.098,11.64,63.91,0.0,0.0,532.4,15.01,13.21
"2024-08-21 20:45:00","RIGI",4.858,4.782,37.46,6.142,342.3,26.3,0.067,0.803,-0.273,0.856,1.83,204500.0,2.251,204500.0,13.19,13.16,-0.034,11.67,62.59,0.0,0.0,532.4,14.56,13.22
"2024-08-21 21:00:00","RIGI",3.063,323.0,40.55,3.092,28.06,44.52,-0.468,0.62,0.307,0.624,1.652,210000.0,1.193,210000.0,13.28,13.54,0.261,11.78,60.98,0.0,0.0,532.4,14.17,13.23
"2024-08-21 21:15:00","RIGI",1.968,343.1,22.45,2.029,12.89,21.71,-0.269,0.885,0.207,0.907,1.644,211500.0,1.646,211500.0,13.61,13.97,0.362,12.08,58.57,0.0,0.0,532.4,13.87,13.23
"2024-08-21 21:30:00","RIGI",2.158,9.68,26.62,2.434,342.0,23.05,0.151,0.884,-0.262,0.876,3.273,213000.0,3.685,213000.0,14.38,14.99,0.61,12.5,54.78,0.0,0.0,532.4,13.71,13.24
"2024-08-21 21:45:00","RIGI",2.184,35.8,40.57,2.768,314.9,25.95,0.454,0.63,-0.638,0.637,3.051,214500.0,3.499,214500.0,15.43,15.93,0.502,13.78,48.12,0.0,0.0,532.4,13.92,13.24
"2024-08-21 22:00:00","RIGI",1.66,54.99,26.67,2.123,301.4,17.68,0.734,0.514,-0.816,0.491,1.009,220000.0,0.669,220000.0,15.51,15.85,0.348,14.03,47.09,0.0,0.0,532.4,14.17,13.24
"2024-08-21 22:15:00","RIGI",1.865,81.4,27.87,2.251,281.5,18.03,0.877,0.133,-0.932,0.19,1.891,221500.0,2.075,221500.0,15.6,15.84,0.237,14.04,46.64,0.0,0.0,532.5,14.46,13.24
"2024-08-21 22:30:00","RIGI",3.319,123.6,7.879,3.557,236.0,17.33,0.825,-0.549,-0.792,-0.534,3.08,223000.0,3.25,223000.0,14.71,14.82,0.114,13.47,51.32,0.0,0.0,532.9,14.77,13.23
"2024-08-21 22:45:00","RIGI",2.175,131.8,23.65,2.047,226.7,24.0,0.684,-0.612,-0.657,-0.633,3.212,224500.0,3.533,224500.0,13.79,14.01,0.226,12.46,56.35,0.0,0.0,532.9,14.73,13.23
"2024-08-21 23:00:00","RIGI",1.231,141.0,30.01,0.805,205.7,32.29,0.548,-0.677,-0.425,-0.709,0.662,230000.0,0.787,230000.0,12.92,13.23,0.312,11.58,61.6,0.0,0.0,532.7,14.44,13.24
"2024-08-21 23:15:00","RIGI",0.955,12.47,46.84,0.487,351.5,24.54,0.2,0.622,-0.17,0.608,1.583,231500.0,1.786,231500.0,13.17,13.73,0.556,11.76,59.6,0.0,0.0,532.5,14.08,13.25
"2024-08-21 23:30:00","RIGI",1.309,73.68,36.72,0.612,260.2,11.55,0.78,0.228,-0.814,0.236,1.616,233000.0,1.985,233000.0,13.27,14.03,0.766,11.68,59.92,0.0,0.0,532.6,13.77,13.25
"2024-08-21 23:45:00","RIGI",3.222,100.8,26.5,3.45,261.1,22.24,0.882,-0.168,-0.916,-0.143,3.29,234500.0,3.288,234500.0,13.69,13.85,0.157,12.25,57.12,0.0,0.0,532.8,13.75,13.25
"2024-08-22 00:00:00","RIGI",4.916,113.2,16.14,5.579,243.8,16.39,0.883,-0.378,-0.861,-0.423,5.023,0.0,5.882,0.0,13.24,13.32,0.072,11.85,60.9,0.0,0.0,532.8,13.77,13.25
"2024-08-22 00:15:00","RIGI",4.283,122.7,7.676,4.818,234.9,8.01,0.834,-0.536,-0.81,-0.569,3.144,1500.0,3.891,1500.0,12.89,13.0,0.108,11.52,63.43,0.0,0.0,532.6,13.74,13.25
"2024-08-22 00:30:00","RIGI",1.985,106.1,21.84,2.161,259.6,20.49,0.893,-0.258,-0.922,-0.169,2.48,3000.0,2.643,3000.0,12.77,12.86,0.088,11.33,64.45,0.0,0.0,532.4,13.63,13.26
"2024-08-22 00:45:00","RIGI",3.243,40.89,22.58,3.865,313.2,20.75,0.605,0.699,-0.682,0.641,5.092,4500.0,6.157,4500.0,12.92,12.92,0.006,11.47,64.23,0.0,0.0,531.8,13.58,13.26
"2024-08-22 01:00:00","RIGI",4.172,60.67,30.54,4.891,302.2,22.7,0.755,0.424,-0.782,0.492,4.168,10000.0,4.695,10000.0,13.08,13.07,-0.015,11.58,63.38,0.0,0.0,532.1,13.59,13.26
"2024-08-22 01:15:00","RIGI",3.492,62.67,16.7,4.262,292.6,16.3,0.851,0.44,-0.886,0.369,2.968,11500.0,3.593,11500.0,13.08,13.11,0.029,11.65,62.76,0.0,0.0,532.1,13.58,13.26
"2024-08-22 01:30:00","RIGI",2.943,56.07,14.41,3.538,297.8,10.87,0.804,0.541,-0.869,0.457,2.427,13000.0,2.837,13000.0,13.19,13.3,0.113,11.73,61.04,0.0,0.0,532.1,13.51,13.26
"2024-08-22 01:45:00","RIGI",3.481,53.11,24.42,4.197,305.1,23.83,0.73,0.548,-0.749,0.527,4.013,14500.0,4.796,14500.0,12.97,12.98,0.013,11.59,62.66,0.0,0.0,532.1,13.47,13.26
"2024-08-22 02:00:00","RIGI",3.808,47.85,21.49,4.525,308.4,20.27,0.691,0.625,-0.736,0.583,3.408,20000.0,4.42,20000.0,12.73,12.75,0.022,11.35,63.96,0.0,0.0,532.2,13.41,13.27
"2024-08-22 02:15:00","RIGI",1.892,46.39,30.24,2.322,309.2,28.21,0.629,0.599,-0.686,0.559,1.661,21500.0,1.868,21500.0,12.58,12.6,0.022,11.21,64.15,0.0,0.0,532.2,13.33,13.27
"2024-08-22 02:30:00","RIGI",2.973,40.43,30.01,3.792,321.1,24.92,0.565,0.663,-0.571,0.707,3.074,23000.0,4.073,23000.0,12.48,12.43,-0.046,11.1,64.08,0.0,0.0,532.2,13.24,13.27
"2024-08-22 02:45:00","RIGI",2.567,44.26,51.19,3.139,316.3,38.87,0.466,0.478,-0.548,0.573,2.63,24500.0,3.468,24500.0,12.16,12.18,0.02,10.88,66.03,0.0,0.004,532.0,13.16,13.27
"2024-08-22 03:00:00","RIGI",3.413,22.16,22.24,4.524,329.5,14.4,0.35,0.858,-0.492,0.835,3.652,30000.0,5.342,30000.0,11.88,12.02,0.145,10.49,68.52,0.0,0.0,531.8,12.9,13.28
"2024-08-22 03:15:00","RIGI",4.272,20.46,24.38,5.439,327.8,18.38,0.319,0.855,-0.506,0.804,5.562,31500.0,7.181,31500.0,12.15,12.24,0.086,10.69,65.13,0.0,0.0,531.6,12.71,13.28
"2024-08-22 03:30:00","RIGI",4.178,32.07,23.59,5.047,323.4,17.86,0.487,0.778,-0.568,0.764,3.607,33000.0,3.586,33000.0,12.54,12.63,0.095,11.1,60.67,0.0,0.0,531.6,12.62,13.28
"2024-08-22 03:45:00","RIGI",1.801,61.57,32.18,2.263,299.0,21.83,0.75,0.406,-0.813,0.45,1.79,34500.0,2.623,34500.0,12.84,13.04,0.202,11.36,57.95,0.0,0.0,531.5,12.61,13.29
"2024-08-22 04:00:00","RIGI",2.893,57.15,23.8,3.628,298.1,18.17,0.77,0.497,-0.839,0.447,3.639,40000.0,3.897,40000.0,13.38,13.52,0.145,11.89,54.76,0.0,0.0,531.4,12.81,13.28
"2024-08-22 04:15:00","RIGI",3.14,50.18,15.74,3.952,306.0,11.25,0.739,0.617,-0.794,0.576,5.169,41500.0,5.782,41500.0,13.32,13.4,0.081,11.93,54.78,0.0,0.0,531.4,13.03,13.28
"2024-08-22 04:30:00","RIGI",2.867,48.89,19.77,3.642,306.8,13.76,0.71,0.619,-0.778,0.582,2.499,43000.0,3.383,43000.0,13.21,13.31,0.103,11.82,55.22,0.0,0.0,531.3,13.17,13.28
"2024-08-22 04:45:00","RIGI",3.229,44.93,19.65,3.924,309.9,12.85,0.666,0.667,-0.748,0.626,3.093,44500.0,3.478,44500.0,13.24,13.35,0.11,11.79,54.62,0.0,0.0,531.4,13.18,13.28
"2024-08-22 05:00:00","RIGI",2.76,51.21,17.07,3.197,309.1,15.13,0.745,0.599,-0.749,0.609,3.292,50000.0,3.755,50000.0,12.86,13.0,0.14,11.54,56.56,0.0,0.0,531.5,13.09,13.28
"2024-08-22 05:15:00","RIGI",2.415,39.64,19.13,2.723,319.3,17.11,0.603,0.728,-0.623,0.725,2.001,51500.0,2.387,51500.0,12.75,12.91,0.161,11.37,57.53,0.0,0.0,531.7,12.91,13.28
"2024-08-22 05:30:00","RIGI",2.179,22.86,27.7,2.61,334.3,18.08,0.345,0.819,-0.412,0.857,1.316,53000.0,1.498,53000.0,12.6,12.88,0.284,11.25,58.48,1.345,0.0,531.8,12.75,13.29
"2024-08-22 05:45:00","RIGI",1.436,46.89,21.7,1.796,308.4,18.11,0.679,0.636,-0.745,0.591,1.343,54500.0,1.811,54500.0,12.94,13.3,0.357,11.41,57.17,11.46,0.0,531.9,12.73,13.29
"2024-08-22 06:00:00","RIGI",1.582,38.65,15.93,1.825,316.8,11.39,0.601,0.751,-0.674,0.711,1.426,60000.0,0.967,60000.0,12.84,13.11,0.273,11.51,57.6,21.07,0.0,531.8,12.84,13.28
"2024-08-22 06:15:00","RIGI",2.223,49.44,12.17,2.861,306.9,10.46,0.743,0.636,-0.787,0.59,2.452,61500.0,3.207,61500.0,13.09,13.26,0.17,11.58,57.31,39.11,0.0,531.9,13.02,13.28
"2024-08-22 06:30:00","RIGI",2.115,52.12,14.26,2.752,305.7,10.67,0.765,0.595,-0.798,0.574,2.141,63000.0,2.871,63000.0,13.42,13.51,0.092,11.94,55.53,66.6,0.0,532.0,13.34,13.27
"2024-08-22 06:45:00","RIGI",1.955,52.74,9.94,2.408,303.5,7.691,0.784,0.596,-0.826,0.547,1.923,64500.0,2.262,64500.0,13.65,13.72,0.078,12.2,54.1,82.4,0.0,532.0,13.7,13.27
"2024-08-22 07:00:00","RIGI",1.563,41.49,13.15,2.06,312.2,9.93,0.645,0.73,-0.73,0.662,1.284,70000.0,1.536,70000.0,13.88,13.89,0.018,12.46,53.94,125.6,0.0,532.1,14.15,13.26
"2024-08-22 07:15:00","RIGI",1.066,63.73,20.35,1.091,294.6,16.56,0.841,0.415,-0.871,0.401,1.049,71500.0,1.377,71500.0,14.6,14.39,-0.214,13.03,52.09,154.2,0.0,532.1,14.79,13.25
"2024-08-22 07:30:00","RIGI",1.029,85.9,18.28,1.072,270.8,15.19,0.947,0.069,-0.954,-0.018,1.134,73000.0,0.497,73000.0,14.94,14.59,-0.351,13.36,50.77,157.8,0.0,532.2,15.42,13.23
"2024-08-22 07:45:00","RIGI",1.417,69.94,25.57,1.467,287.4,17.0,0.85,0.31,-0.906,0.198,1.513,74500.0,1.908,74500.0,14.79,14.53,-0.26,13.39,50.83,152.4,0.0,532.1,15.96,13.22
"2024-08-22 08:00:00","RIGI",2.046,62.98,17.31,2.396,295.2,12.77,0.851,0.434,-0.883,0.415,2.103,80000.0,2.695,80000.0,14.64,14.42,-0.217,13.27,51.3,165.9,0.0,532.2,16.34,13.22
"2024-08-22 08:15:00","RIGI",1.305,77.4,26.95,1.491,281.4,17.0,0.873,0.195,-0.929,0.154,1.159,81500.0,1.667,81500.0,14.76,14.46,-0.307,13.2,52.84,250.7,0.0,532.2,16.59,13.21
"2024-08-22 08:30:00","RIGI",1.65,63.45,34.94,1.839,290.7,27.59,0.741,0.371,-0.832,0.315,2.097,83000.0,2.332,83000.0,16.65,15.74,-0.91,14.88,50.81,690.8,0.0,532.3,18.41,13.18
"2024-08-22 08:45:00","RIGI",2.104,31.53,24.6,2.404,317.3,26.7,0.477,0.777,-0.608,0.658,2.721,84500.0,3.252,84500.0,17.42,16.3,-1.118,15.83,48.39,737.5,0.0,532.3,20.7,13.13
"2024-08-22 09:00:00","RIGI",1.383,25.18,27.76,1.531,328.8,24.08,0.378,0.804,-0.451,0.789,1.572,90000.0,2.298,90000.0,17.97,16.86,-1.108,16.37,46.49,821.0,0.0,532.4,22.76,13.09
"2024-08-22 09:15:00","RIGI",2.047,33.82,31.89,2.207,317.5,22.38,0.468,0.714,-0.632,0.671,3.476,91500.0,3.927,91500.0,18.76,17.5,-1.253,17.13,44.05,882.0,0.0,532.5,24.73,13.06
"2024-08-22 09:30:00","RIGI",1.658,63.51,44.61,1.601,299.1,41.18,0.648,0.301,-0.668,0.383,1.678,93000.0,2.037,93000.0,19.04,17.71,-1.337,16.92,43.56,754.1,0.0,532.5,25.79,13.04
"2024-08-22 09:45:00","RIGI",2.2,19.8,36.62,2.591,334.5,34.56,0.276,0.766,-0.347,0.753,2.924,94500.0,2.488,94500.0,18.96,17.82,-1.142,17.12,42.5,760.7,0.0,532.6,26.3,13.03
"2024-08-22 10:00:00","RIGI",1.727,66.11,58.22,1.422,294.8,45.97,0.54,0.239,-0.556,0.301,2.139,100000.0,2.023,100000.0,19.28,17.99,-1.287,17.19,41.64,858.0,0.0,532.6,26.74,13.02
"2024-08-22 10:15:00","RIGI",2.662,12.59,17.73,3.058,344.6,13.85,0.208,0.93,-0.258,0.936,2.177,101500.0,1.792,101500.0,19.8,18.19,-1.605,17.96,40.91,900.0,0.0,532.5,27.33,13.01
"2024-08-22 10:30:00","RIGI",2.098,8.14,31.79,2.241,341.0,19.03,0.121,0.847,-0.299,0.896,2.092,103000.0,2.406,103000.0,19.78,18.49,-1.292,17.71,39.11,912.0,0.0,532.4,27.79,13.0
"2024-08-22 10:45:00","RIGI",1.536,47.43,53.91,1.004,316.4,35.94,0.47,0.432,-0.542,0.374,1.602,104500.0,1.365,104500.0,20.08,18.88,-1.199,18.23,37.48,942.0,0.0,532.5,28.25,12.99
"2024-08-22 11:00:00","RIGI",1.513,36.11,47.88,1.204,328.1,33.28,0.414,0.568,-0.504,0.623,0.87,110000.0,0.0,104818.0,20.91,19.51,-1.398,18.77,35.49,962.0,0.0,532.5,28.69,12.98
"2024-08-22 11:15:00","RIGI",1.727,13.39,50.0,1.8,339.3,36.44,0.158,0.662,-0.286,0.62,1.401,111500.0,1.559,111500.0,21.23,20.02,-1.211,19.33,36.25,981.0,0.0,532.3,29.18,12.98
"2024-08-22 11:30:00","RIGI",1.578,53.18,65.03,1.522,313.7,57.69,0.41,0.307,-0.445,0.365,1.547,113000.0,1.654,113000.0,21.56,20.38,-1.186,19.51,36.04,969.0,0.0,532.3,29.49,12.97
"2024-08-22 11:45:00","RIGI",1.478,87.4,53.95,1.491,275.2,46.02,0.637,0.029,-0.657,0.051,0.762,114500.0,0.366,114500.0,21.62,20.65,-0.969,19.67,34.45,971.0,0.0,532.3,29.63,12.97
"2024-08-22 12:00:00","RIGI",2.69,121.8,35.89,2.805,238.6,33.1,0.697,-0.433,-0.721,-0.44,2.956,120000.0,3.531,120000.0,22.39,21.16,-1.231,19.99,34.77,1033.0,0.0,532.2,29.68,12.96
"2024-08-22 12:15:00","RIGI",2.972,137.0,37.53,3.214,220.0,32.49,0.549,-0.589,-0.547,-0.644,4.388,121500.0,4.9,121500.0,22.44,21.05,-1.388,20.2,34.61,968.0,0.0,532.2,29.76,12.96
"2024-08-22 12:30:00","RIGI",3.259,121.7,35.9,3.401,235.4,36.28,0.698,-0.431,-0.673,-0.464,1.111,123000.0,1.424,123000.0,21.79,20.57,-1.22,19.43,34.82,841.0,0.0,532.1,29.32,12.96
"2024-08-22 12:45:00","RIGI",3.326,171.6,30.99,3.483,188.1,25.9,0.126,-0.853,-0.125,-0.893,4.007,124500.0,4.836,124500.0,22.08,20.76,-1.319,19.93,34.96,973.0,0.0,532.1,29.34,12.96
"2024-08-22 13:00:00","RIGI",4.376,167.2,19.79,4.705,191.7,18.62,0.208,-0.918,-0.193,-0.928,5.643,130000.0,6.571,130000.0,22.25,20.96,-1.286,19.98,33.46,1072.0,0.0,531.9,29.46,12.96
"2024-08-22 13:15:00","RIGI",5.628,169.9,18.44,6.292,185.8,17.5,0.166,-0.935,-0.097,-0.949,6.76,131500.0,7.682,131500.0,22.26,21.04,-1.218,19.97,34.07,644.6,0.0,531.9,29.05,12.96
"2024-08-22 13:30:00","RIGI",5.981,141.3,15.31,6.865,214.1,16.56,0.603,-0.753,-0.537,-0.794,5.249,133000.0,5.835,133000.0,21.98,20.94,-1.047,19.61,33.43,558.8,0.0,531.7,28.27,12.97
"2024-08-22 13:45:00","RIGI",6.112,141.9,24.62,6.782,214.1,24.94,0.562,-0.717,-0.51,-0.752,6.722,134500.0,6.963,134500.0,22.86,21.39,-1.468,20.4,31.18,916.0,0.0,531.7,28.3,12.98
"2024-08-22 14:00:00","RIGI",4.467,121.0,19.64,4.962,234.6,19.73,0.808,-0.486,-0.768,-0.546,3.628,140000.0,4.316,140000.0,22.15,20.9,-1.249,19.7,31.89,554.0,0.0,531.5,28.0,12.98
"2024-08-22 14:15:00","RIGI",6.268,188.2,29.99,6.958,170.9,28.29,-0.124,-0.862,0.14,-0.873,7.614,141500.0,8.31,141500.0,19.44,19.14,-0.295,17.72,43.67,60.05,0.0,531.6,26.18,12.99
"2024-08-22 14:30:00","RIGI",4.263,222.7,17.27,4.61,134.3,13.79,-0.648,-0.702,0.696,-0.678,2.566,143000.0,2.901,143000.0,16.04,16.69,0.65,14.34,66.75,32.45,0.02,531.7,23.12,13.03
"2024-08-22 14:45:00","RIGI",3.538,209.0,82.4,3.691,146.7,83.7,-0.145,-0.261,0.155,-0.235,2.827,144500.0,2.966,144500.0,15.11,15.34,0.226,13.4,67.11,14.07,0.051,531.9,20.59,13.07
"2024-08-22 15:00:00","RIGI",3.279,8.7,18.33,3.59,347.9,15.14,0.144,0.939,-0.203,0.944,3.423,150000.0,3.679,150000.0,13.69,13.53,-0.162,11.97,76.39,28.43,0.016,531.9,18.43,13.1
"2024-08-22 15:15:00","RIGI",4.674,50.36,19.44,5.288,307.4,14.88,0.727,0.602,-0.768,0.587,4.39,151500.0,4.923,151500.0,13.45,12.83,-0.619,11.98,76.36,24.34,0.008,532.0,16.93,13.12
"2024-08-22 15:30:00","RIGI",2.631,42.96,35.55,2.896,318.5,23.23,0.561,0.603,-0.613,0.686,1.946,153000.0,2.934,153000.0,12.68,12.1,-0.586,11.29,82.5,12.71,0.051,532.2,15.86,13.14
"2024-08-22 15:45:00","RIGI",4.294,6.655,27.05,5.208,347.7,27.66,0.104,0.888,-0.19,0.869,4.985,154500.0,6.501,154500.0,11.8,10.79,-1.003,10.48,87.8,95.8,0.031,531.5,15.12,13.16
"2024-08-22 16:00:00","RIGI",3.529,323.1,14.98,3.944,30.8,22.58,-0.58,0.773,0.473,0.794,2.63,160000.0,3.491,160000.0,12.73,11.3,-1.428,11.28,88.6,489.9,0.0,531.4,15.52,13.17
"2024-08-22 16:15:00","RIGI",2.857,327.4,20.44,3.3,29.65,24.52,-0.506,0.79,0.451,0.792,2.012,161500.0,2.367,161500.0,13.46,11.98,-1.484,12.39,80.6,348.3,0.0,531.3,16.58,13.16
"2024-08-22 16:30:00","RIGI",1.45,314.7,28.05,1.632,40.55,26.08,-0.63,0.623,0.586,0.684,2.05,163000.0,2.226,163000.0,14.47,13.55,-0.923,13.32,73.26,406.1,0.0,531.2,17.41,13.16
"2024-08-22 16:45:00","RIGI",1.335,314.0,34.68,1.28,53.98,11.01,-0.506,0.56,0.388,0.653,0.0,163430.0,0.0,163430.0,15.35,14.62,-0.731,15.1,65.35,364.0,0.0,531.2,18.68,13.15
"2024-08-22 17:00:00","RIGI",0.309,295.8,20.95,0.0,0.0,0.0,-0.823,0.311,0.822,0.373,0.302,170000.0,0.0,163430.0,16.26,15.57,-0.695,16.45,57.61,376.4,0.0,531.3,20.12,13.14
"2024-08-22 17:15:00","RIGI",1.728,165.0,17.4,1.8,189.8,15.96,0.246,-0.922,-0.136,-0.927,2.12,171500.0,2.429,171500.0,16.49,16.13,-0.362,15.84,57.96,147.4,0.0,531.2,20.66,13.12
"2024-08-22 17:30:00","RIGI",2.353,176.5,9.87,2.831,177.1,7.011,0.061,-0.983,0.05,-0.991,2.361,173000.0,2.734,173000.0,15.77,15.76,-0.014,14.3,68.57,34.1,0.0,531.3,19.85,13.13
"2024-08-22 17:45:00","RIGI",3.4,196.1,9.89,3.831,160.1,8.03,-0.273,-0.947,0.338,-0.931,4.449,174500.0,4.769,174500.0,15.2,15.25,0.054,13.66,66.97,21.71,0.0,531.3,18.79,13.15
"2024-08-22 18:00:00","RIGI",3.87,180.8,10.2,4.495,173.5,7.435,-0.014,-0.984,0.113,-0.985,4.305,180000.0,5.202,180000.0,14.69,14.65,-0.044,13.12,72.16,16.43,0.0,531.4,17.84,13.16
"2024-08-22 18:15:00","RIGI",4.275,177.6,8.06,4.734,178.1,6.925,0.042,-0.989,0.032,-0.992,3.557,181500.0,4.033,181500.0,14.34,14.27,-0.073,12.78,74.38,20.98,0.0,531.4,17.08,13.17
"2024-08-22 18:30:00","RIGI",2.967,172.7,12.84,3.36,180.5,9.55,0.124,-0.967,-0.009,-0.986,2.822,183000.0,3.106,183000.0,13.74,13.77,0.033,12.3,76.38,16.06,0.0,531.4,16.3,13.18
"2024-08-22 18:45:00","RIGI",1.633,173.3,14.86,1.881,178.6,10.71,0.112,-0.96,0.023,-0.982,1.026,184500.0,1.104,184500.0,13.13,13.31,0.185,11.8,77.29,4.705,0.0,531.4,15.51,13.19
"2024-08-22 19:00:00","RIGI",1.726,166.1,16.46,2.004,188.9,15.81,0.231,-0.931,-0.149,-0.951,2.016,190000.0,2.461,190000.0,12.84,13.29,0.449,11.44,76.91,0.0,0.0,531.3,14.81,13.21
"2024-08-22 19:15:00","RIGI",1.193,91.2,52.5,1.149,257.9,48.12,0.653,-0.014,-0.685,-0.147,0.66,191500.0,0.715,191500.0,13.04,13.37,0.336,11.59,75.06,0.0,0.0,531.2,14.26,13.22
"2024-08-22 19:30:00","RIGI",0.362,340.8,32.57,0.003,318.9,0.0,-0.129,0.782,-0.105,0.782,0.377,193000.0,0.0,191500.0,12.56,12.99,0.435,11.36,77.88,0.0,0.0,531.3,13.73,13.23
"2024-08-22 19:45:00","RIGI",0.66,332.7,19.3,0.0,0.0,0.0,-0.434,0.839,0.176,0.939,1.174,194500.0,0.0,191500.0,12.08,12.93,0.851,10.77,80.7,0.0,0.0,531.4,13.2,13.24
"2024-08-22 20:00:00","RIGI",1.39,16.04,24.9,1.995,327.2,12.93,0.251,0.874,-0.526,0.82,0.855,200000.0,1.855,200000.0,12.51,13.34,0.826,10.79,80.3,0.0,0.0,531.4,12.79,13.25
"2024-08-22 20:15:00","RIGI",1.739,63.78,14.96,2.288,295.9,10.94,0.867,0.427,-0.883,0.429,1.458,201500.0,2.158,201500.0,13.22,13.6,0.382,11.46,73.87,0.0,0.0,531.5,12.67,13.26
"2024-08-22 20:30:00","RIGI",2.707,65.84,17.84,3.342,290.5,9.1,0.869,0.39,-0.925,0.346,2.38,203000.0,2.987,203000.0,13.38,13.53,0.155,12.0,70.46,0.0,0.0,531.5,12.88,13.26
"2024-08-22 20:45:00","RIGI",2.393,49.9,15.16,2.829,304.8,14.48,0.738,0.622,-0.795,0.553,1.646,204500.0,1.654,204500.0,13.35,13.48,0.131,11.95,71.6,0.0,0.0,531.4,13.08,13.26
"2024-08-22 21:00:00","RIGI",0.925,7.122,40.53,0.962,347.5,21.41,0.063,0.757,-0.227,0.824,0.025,210000.0,0.0,205324.0,13.2,13.46,0.265,11.86,71.45,0.0,0.0,531.6,13.19,13.26
"2024-08-22 21:15:00","RIGI",0.972,117.6,35.06,0.612,248.2,12.64,0.707,-0.38,-0.798,-0.341,2.789,211500.0,3.083,211500.0,13.17,13.65,0.481,11.71,69.55,0.0,0.0,531.6,13.1,13.26
"2024-08-22 21:30:00","RIGI",1.845,120.9,9.27,1.896,235.6,8.04,0.847,-0.506,-0.81,-0.567,1.161,213000.0,0.791,213000.0,13.07,13.85,0.782,11.84,67.2,0.0,0.0,531.7,13.04,13.27
"2024-08-22 21:45:00","RIGI",0.497,112.4,40.42,0.001,237.4,0.0,0.651,-0.247,-0.874,-0.466,0.413,214500.0,0.0,213000.0,13.13,13.68,0.549,11.83,66.93,0.0,0.0,531.8,12.94,13.27
"2024-08-22 22:00:00","RIGI",0.685,341.9,58.79,0.244,26.51,39.0,-0.198,0.553,-0.446,0.385,1.365,220000.0,1.25,220000.0,12.41,13.25,0.834,11.16,70.97,0.0,0.0,531.7,12.68,13.27
"2024-08-22 22:15:00","RIGI",1.931,78.6,23.95,2.178,280.6,21.69,0.898,0.181,-0.914,0.171,2.431,221500.0,2.446,221500.0,13.32,13.79,0.471,11.79,67.12,0.0,0.0,531.7,12.61,13.28
"2024-08-22 22:30:00","RIGI",1.837,74.36,24.48,2.402,284.5,19.67,0.878,0.246,-0.912,0.236,1.176,223000.0,1.447,223000.0,13.31,13.59,0.277,11.98,67.06,0.0,0.0,531.7,12.71,13.28
"2024-08-22 22:45:00","RIGI",2.299,112.0,16.5,2.699,250.4,21.28,0.889,-0.36,-0.879,-0.313,2.338,224500.0,2.452,224500.0,13.23,13.69,0.46,11.94,67.52,0.0,0.0,531.7,12.82,13.28
"2024-08-22 23:00:00","RIGI",1.264,97.8,21.41,1.254,264.9,15.03,0.923,-0.126,-0.957,-0.059,0.992,230000.0,0.0,224500.0,13.07,13.46,0.387,11.85,67.68,0.0,0.0,531.7,12.87,13.28
"2024-08-22 23:15:00","RIGI",0.775,121.9,27.74,0.409,267.9,17.7,0.754,-0.47,-0.703,-0.519,0.512,231500.0,0.0,230130.0,12.84,13.37,0.528,11.62,68.53,0.0,0.0,531.6,12.76,13.28
"2024-08-22 23:30:00","RIGI",0.75,86.4,17.94,0.137,278.1,2.8,0.95,0.061,-0.847,-0.329,1.458,233000.0,1.623,233000.0,12.98,13.41,0.429,11.63,67.95,0.0,0.0,531.5,12.57,13.28
"2024-08-22 23:45:00","RIGI",0.836,67.3,18.94,0.64,289.5,9.33,0.873,0.365,-0.926,0.321,0.861,234500.0,0.0,233000.0,12.77,13.18,0.413,11.47,69.38,0.0,0.0,531.6,12.4,13.29
"2024-08-23 00:00:00","RIGI",0.922,78.04,17.82,1.124,277.0,13.98,0.932,0.197,-0.963,0.114,0.618,0.0,0.884,0.0,12.62,13.1,0.48,11.38,70.1,0.0,0.0,531.6,12.25,13.29
"2024-08-23 00:15:00","RIGI",1.014,98.4,16.73,1.202,262.2,11.49,0.948,-0.14,-0.971,-0.133,1.401,1500.0,1.578,1500.0,12.47,12.99,0.529,11.29,70.39,0.0,0.0,531.4,12.15,13.29
"2024-08-23 00:30:00","RIGI",0.989,88.1,35.27,0.937,263.0,14.43,0.826,0.027,-0.901,0.023,1.233,3000.0,0.0,2100.0,12.5,13.09,0.588,11.3,70.15,0.0,0.0,531.3,12.11,13.29
"2024-08-23 00:45:00","RIGI",1.187,35.42,10.06,0.554,315.7,3.039,0.571,0.802,-0.629,0.758,1.43,4500.0,1.989,4500.0,12.32,12.99,0.675,11.04,71.95,0.0,0.0,531.3,11.95,13.3
"2024-08-23 01:00:00","RIGI",0.564,70.01,20.95,0.757,291.5,19.77,0.775,0.22,-0.885,0.244,0.815,10000.0,1.206,10000.0,12.13,12.62,0.491,10.85,72.75,0.0,0.0,531.3,11.79,13.3
"2024-08-23 01:15:00","RIGI",1.285,131.9,29.39,1.36,221.5,24.69,0.652,-0.585,-0.58,-0.692,0.973,11500.0,0.362,11500.0,12.2,12.92,0.715,10.99,71.89,0.0,0.0,531.4,11.75,13.3
"2024-08-23 01:30:00","RIGI",0.73,168.3,24.3,0.202,157.4,5.434,0.185,-0.894,-0.069,-0.944,0.542,13000.0,0.186,13000.0,12.11,12.76,0.651,10.92,72.12,0.0,0.0,531.3,11.82,13.3
"2024-08-23 01:45:00","RIGI",0.683,140.7,48.68,0.815,202.6,22.56,0.373,-0.525,-0.215,-0.848,1.523,14500.0,1.688,14500.0,11.96,12.51,0.551,10.8,73.01,0.0,0.0,531.3,11.86,13.3
"2024-08-23 02:00:00","RIGI",1.558,153.4,10.74,1.867,198.8,8.77,0.44,-0.878,-0.318,-0.936,1.498,20000.0,1.932,20000.0,11.7,12.56,0.861,10.58,74.73,0.0,0.0,531.3,11.85,13.3
"2024-08-23 02:15:00","RIGI",2.155,165.5,8.89,2.327,185.5,9.94,0.247,-0.957,-0.094,-0.981,0.977,21500.0,0.912,21500.0,11.27,11.62,0.349,10.13,77.87,0.0,0.0,531.3,11.83,13.3
"2024-08-23 02:30:00","RIGI",0.961,156.2,23.52,0.731,190.3,14.51,0.37,-0.841,-0.203,-0.92,1.739,23000.0,1.809,23000.0,11.04,11.27,0.234,9.84,81.0,0.0,0.0,531.4,11.81,13.3
"2024-08-23 02:45:00","RIGI",0.73,133.1,29.81,0.878,207.7,26.26,0.47,-0.634,-0.296,-0.807,0.0,23000.0,0.0,23000.0,11.1,11.33,0.228,9.81,83.8,0.0,0.0,531.3,11.83,13.3
"2024-08-23 03:00:00","RIGI",0.417,0.264,14.06,0.0,0.0,0.0,-0.015,0.769,-0.138,0.4,0.0,25400.0,0.0,23000.0,11.12,11.55,0.432,9.84,83.5,0.0,0.0,531.1,11.83,13.3
"2024-08-23 03:15:00","RIGI",1.838,147.1,17.61,1.905,211.5,8.09,0.502,-0.803,-0.424,-0.87,2.81,31500.0,3.22,31500.0,11.39,11.84,0.442,10.02,82.3,0.0,0.0,531.2,11.81,13.3
"2024-08-23 03:30:00","RIGI",1.805,127.4,14.05,2.006,224.2,14.57,0.77,-0.59,-0.675,-0.694,2.31,33000.0,2.35,33000.0,11.17,11.67,0.495,9.98,82.4,0.0,0.0,531.2,11.72,13.3
"2024-08-23 03:45:00","RIGI",1.944,121.1,11.5,2.16,229.8,11.95,0.839,-0.506,-0.747,-0.631,1.521,34500.0,1.375,34500.0,11.0,11.48,0.487,9.83,84.5,0.0,0.0,531.1,11.62,13.31
"2024-08-23 04:00:00","RIGI",1.432,128.9,8.16,1.484,219.5,7.434,0.77,-0.622,-0.631,-0.765,1.883,40000.0,1.798,40000.0,11.12,11.76,0.636,9.89,83.3,0.0,0.0,531.0,11.52,13.31
"2024-08-23 04:15:00","RIGI",1.926,116.7,7.554,2.12,236.1,6.374,0.886,-0.446,-0.825,-0.554,1.587,41500.0,1.803,41500.0,11.18,11.81,0.625,9.97,81.8,0.0,0.0,531.0,11.46,13.31
"2024-08-23 04:30:00","RIGI",1.793,121.7,12.34,1.941,231.7,9.36,0.831,-0.514,-0.775,-0.611,1.655,43000.0,1.982,43000.0,11.06,11.73,0.672,9.94,82.0,0.0,0.0,531.0,11.39,13.31
"2024-08-23 04:45:00","RIGI",1.221,92.9,14.21,1.294,256.7,14.56,0.968,-0.049,-0.943,-0.203,0.722,44500.0,0.006,44500.0,11.25,11.68,0.425,10.02,81.0,0.0,0.0,531.0,11.29,13.32
"2024-08-23 05:00:00","RIGI",1.052,74.0,18.3,1.044,282.7,15.58,0.913,0.262,-0.941,0.193,0.762,50000.0,1.231,50000.0,11.3,11.65,0.354,10.05,80.0,0.0,0.0,531.0,11.15,13.32
"2024-08-23 05:15:00","RIGI",1.243,70.9,16.56,1.112,277.4,16.48,0.906,0.314,-0.942,0.144,1.595,51500.0,1.47,51500.0,11.33,11.72,0.39,9.97,78.9,0.0,0.0,531.0,11.0,13.32
"2024-08-23 05:30:00","RIGI",1.148,90.4,25.6,1.28,272.1,20.84,0.904,-0.006,-0.935,0.034,1.439,53000.0,1.517,53000.0,11.52,11.84,0.329,10.29,76.73,4.143,0.0,530.9,11.04,13.33
"2024-08-23 05:45:00","RIGI",2.063,106.0,15.16,2.253,256.9,16.22,0.928,-0.266,-0.935,-0.218,1.39,54500.0,1.591,54500.0,11.89,12.05,0.164,10.57,75.16,29.21,0.0,530.9,11.34,13.32
"2024-08-23 06:00:00","RIGI",1.611,100.7,22.96,1.82,265.1,15.52,0.906,-0.171,-0.96,-0.083,1.227,60000.0,1.887,60000.0,12.23,12.09,-0.136,10.86,73.71,61.79,0.0,530.9,11.95,13.31
"2024-08-23 06:15:00","RIGI",2.312,99.8,18.88,2.614,263.9,18.9,0.933,-0.161,-0.941,-0.1,2.843,61500.0,3.453,61500.0,12.48,12.24,-0.237,11.01,72.31,89.6,0.0,531.0,12.58,13.3
"2024-08-23 06:30:00","RIGI",2.943,96.9,20.68,3.221,268.8,18.83,0.93,-0.112,-0.947,-0.02,2.704,63000.0,2.922,63000.0,12.86,12.62,-0.24,11.34,69.32,118.5,0.0,531.0,13.2,13.29
"2024-08-23 06:45:00","RIGI",3.107,102.5,22.73,3.392,257.5,17.42,0.902,-0.2,-0.932,-0.207,4.198,64500.0,4.729,64500.0,12.71,12.43,-0.279,11.28,70.18,113.3,0.0,531.1,13.68,13.28
"2024-08-23 07:00:00","RIGI",3.961,110.6,14.05,4.216,251.4,18.37,0.908,-0.341,-0.9,-0.303,5.04,70000.0,4.927,70000.0,13.02,12.55,-0.473,11.39,69.3,237.9,0.0,531.1,14.22,13.27
"2024-08-23 07:15:00","RIGI",2.72,118.0,17.3,2.997,240.6,17.28,0.843,-0.448,-0.832,-0.468,3.292,71500.0,3.501,71500.0,13.84,12.88,-0.957,12.05,68.37,342.6,0.0,531.2,15.22,13.24
"2024-08-23 07:30:00","RIGI",4.059,120.2,19.3,4.584,238.3,18.71,0.816,-0.475,-0.806,-0.498,5.753,73000.0,6.552,73000.0,14.35,13.29,-1.066,12.39,67.42,393.6,0.0,531.3,16.28,13.21
"2024-08-23 07:45:00","RIGI",4.574,126.0,12.77,5.041,234.3,17.48,0.789,-0.574,-0.775,-0.556,4.322,74500.0,4.318,74500.0,14.79,13.55,-1.241,12.81,66.38,454.6,0.0,531.4,17.22,13.19
"2024-08-23 08:00:00","RIGI",4.2,129.7,14.29,4.738,229.8,11.55,0.746,-0.619,-0.749,-0.632,6.085,80000.0,6.425,80000.0,15.17,13.86,-1.31,13.21,65.68,509.3,0.0,531.5,18.19,13.17
"2024-08-23 08:15:00","RIGI",3.987,127.8,10.85,4.419,230.4,11.07,0.776,-0.602,-0.756,-0.626,3.413,81500.0,3.533,81500.0,15.47,14.1,-1.366,13.34,65.16,527.8,0.0,531.6,18.99,13.16
"2024-08-23 08:30:00","RIGI",3.303,132.3,25.13,3.694,230.5,22.45,0.671,-0.611,-0.714,-0.589,4.591,83000.0,5.245,83000.0,16.01,14.56,-1.45,13.91,63.68,616.1,0.0,531.5,19.94,13.14
"2024-08-23 08:45:00","RIGI",3.873,123.0,12.68,4.286,234.0,10.73,0.818,-0.531,-0.795,-0.577,4.322,84500.0,4.466,84500.0,16.0,14.5,-1.5,13.74,63.4,559.1,0.0,531.5,20.57,13.12
"2024-08-23 09:00:00","RIGI",3.581,128.2,19.12,3.947,227.0,17.84,0.743,-0.585,-0.696,-0.649,4.142,90000.0,4.13,90000.0,16.72,15.25,-1.461,14.47,61.66,646.8,0.0,531.5,21.21,13.11
"2024-08-23 09:15:00","RIGI",3.785,120.5,18.23,4.199,244.2,18.61,0.819,-0.483,-0.854,-0.413,4.384,91500.0,4.892,91500.0,16.77,15.36,-1.408,14.49,59.89,720.0,0.0,531.5,21.82,13.1
"2024-08-23 09:30:00","RIGI",4.198,118.5,15.19,4.427,242.6,11.64,0.849,-0.46,-0.87,-0.451,2.607,93000.0,2.617,93000.0,16.66,15.26,-1.406,14.35,60.59,696.6,0.004,531.6,22.1,13.09
"2024-08-23 09:45:00","RIGI",3.507,130.4,26.42,3.799,230.2,20.87,0.684,-0.583,-0.719,-0.599,4.817,94500.0,5.27,94500.0,17.15,15.91,-1.245,14.87,60.25,685.7,0.0,531.6,22.52,13.08
"2024-08-23 10:00:00","RIGI",4.053,124.6,18.99,4.219,233.9,17.02,0.778,-0.538,-0.773,-0.563,4.676,100000.0,5.131,100000.0,17.11,15.81,-1.3,14.89,59.34,675.5,0.0,531.4,22.61,13.08
"2024-08-23 10:15:00","RIGI",4.81,139.6,16.29,5.676,216.6,14.44,0.623,-0.731,-0.578,-0.778,3.364,101500.0,5.078,101500.0,17.68,16.33,-1.35,15.49,58.83,773.2,0.0,531.5,23.01,13.07
"2024-08-23 10:30:00","RIGI",5.804,131.8,12.66,6.652,224.1,13.09,0.727,-0.65,-0.678,-0.7,6.347,103000.0,7.075,103000.0,18.31,16.8,-1.503,16.08,56.89,828.0,0.0,531.6,23.47,13.06
"2024-08-23 10:45:00","RIGI",5.786,133.5,17.35,6.85,223.3,17.33,0.693,-0.657,-0.655,-0.695,4.966,104500.0,5.958,104500.0,18.93,17.27,-1.663,16.53,54.89,972.0,0.0,531.6,24.08,13.05
"2024-08-23 11:00:00","RIGI",6.133,125.4,11.86,6.786,233.3,10.59,0.798,-0.566,-0.788,-0.587,4.856,110000.0,5.05,110000.0,19.03,17.11,-1.926,16.67,53.04,921.0,0.0,531.6,24.72,13.04
"2024-08-23 11:15:00","RIGI",6.783,128.2,11.58,7.672,230.4,9.69,0.77,-0.605,-0.76,-0.628,6.802,111500.0,8.24,111500.0,19.85,17.94,-1.91,17.2,51.59,1102.0,0.0,531.5,25.34,13.03
"2024-08-23 11:30:00","RIGI",6.909,130.8,15.58,7.667,226.6,15.83,0.729,-0.63,-0.699,-0.661,4.944,113000.0,5.478,113000.0,18.42,17.33,-1.095,16.25,51.96,348.8,0.0,531.6,24.67,13.04
"2024-08-23 11:45:00","RIGI",6.759,124.4,14.26,7.474,231.6,13.3,0.8,-0.547,-0.763,-0.604,4.487,114500.0,4.047,114500.0,18.6,17.55,-1.047,16.29,49.82,621.7,0.0,531.5,23.77,13.05
"2024-08-23 12:00:00","RIGI",4.708,114.9,24.69,5.044,248.7,22.21,0.826,-0.383,-0.864,-0.336,4.595,120000.0,5.033,120000.0,18.48,17.64,-0.836,16.37,49.32,492.9,0.0,531.5,23.48,13.06
"2024-08-23 12:15:00","RIGI",4.781,115.7,19.69,4.934,256.0,19.68,0.849,-0.408,-0.914,-0.227,6.172,121500.0,6.472,121500.0,18.19,17.48,-0.702,16.02,50.55,394.3,0.0,531.5,23.06,13.06
"2024-08-23 12:30:00","RIGI",5.312,106.1,22.78,5.309,260.3,24.39,0.887,-0.255,-0.899,-0.155,3.66,123000.0,3.675,123000.0,17.97,17.3,-0.668,15.87,51.29,502.5,0.0,531.6,22.67,13.07
"2024-08-23 12:45:00","RIGI",4.127,94.8,27.76,4.618,269.8,20.39,0.885,-0.074,-0.938,-0.003,3.817,124500.0,3.886,124500.0,18.35,17.43,-0.915,16.25,49.72,881.0,0.0,531.5,22.99,13.06
"2024-08-23 13:00:00","RIGI",5.165,106.0,24.48,5.349,260.5,22.64,0.877,-0.251,-0.911,-0.153,5.482,130000.0,6.322,130000.0,18.79,17.82,-0.973,16.61,47.27,976.0,0.0,531.5,23.37,13.05
"2024-08-23 13:15:00","RIGI",4.152,107.4,22.38,4.462,259.3,22.48,0.883,-0.277,-0.909,-0.172,3.827,131500.0,3.647,131500.0,18.88,17.91,-0.972,16.69,49.16,702.4,0.0,531.6,23.56,13.05
"2024-08-23 13:30:00","RIGI",3.575,103.0,24.87,3.907,258.0,20.64,0.886,-0.204,-0.916,-0.194,3.489,133000.0,4.263,133000.0,19.36,18.25,-1.115,17.09,49.62,836.0,0.0,531.6,23.97,13.05
"2024-08-23 13:45:00","RIGI",3.71,113.0,23.8,3.922,245.7,20.21,0.844,-0.359,-0.856,-0.387,2.609,134500.0,2.858,134500.0,19.6,18.47,-1.13,17.45,47.41,634.1,0.0,531.6,24.6,13.04
"2024-08-23 14:00:00","RIGI",4.023,103.6,27.38,4.444,260.5,20.59,0.866,-0.209,-0.924,-0.155,4.771,140000.0,5.073,140000.0,19.2,18.44,-0.758,16.98,47.51,568.0,0.0,531.5,24.4,13.04
"2024-08-23 14:15:00","RIGI",3.562,104.8,23.77,3.784,261.5,22.62,0.887,-0.234,-0.914,-0.137,3.747,141500.0,4.269,141500.0,19.51,18.73,-0.78,17.26,47.65,474.6,0.0,531.3,24.16,13.05
"2024-08-23 14:30:00","RIGI",4.301,104.5,27.93,4.763,248.0,19.84,0.859,-0.221,-0.873,-0.353,3.178,143000.0,3.806,143000.0,19.68,18.82,-0.857,17.41,47.04,684.7,0.0,531.4,24.22,13.05
"2024-08-23 14:45:00","RIGI",4.382,128.3,27.43,4.841,232.0,25.02,0.699,-0.552,-0.715,-0.56,7.159,144500.0,8.04,144500.0,19.91,18.99,-0.924,17.73,46.18,666.1,0.0,531.3,24.27,13.05
"2024-08-23 15:00:00","RIGI",5.108,133.9,15.92,5.589,224.2,14.93,0.693,-0.667,-0.674,-0.692,4.856,150000.0,5.226,150000.0,20.22,19.08,-1.14,18.21,44.45,705.4,0.0,531.3,24.66,13.05
"2024-08-23 15:15:00","RIGI",4.182,125.0,24.3,4.751,236.7,23.13,0.748,-0.524,-0.769,-0.506,0.518,151500.0,1.051,151500.0,20.27,19.13,-1.148,18.14,44.09,611.5,0.0,531.3,24.84,13.04
"2024-08-23 15:30:00","RIGI",3.945,125.5,23.03,4.475,231.6,22.82,0.751,-0.535,-0.724,-0.573,5.374,153000.0,6.61,153000.0,20.75,19.55,-1.195,18.61,42.84,697.4,0.0,531.1,25.33,13.04
"2024-08-23 15:45:00","RIGI",3.782,119.6,20.12,4.067,242.4,20.54,0.817,-0.464,-0.83,-0.435,3.319,154500.0,3.527,154500.0,20.77,19.59,-1.176,18.64,41.04,615.4,0.0,531.2,25.64,13.03
"2024-08-23 16:00:00","RIGI",3.146,134.1,24.76,3.5,221.0,19.95,0.653,-0.634,-0.617,-0.71,1.549,160000.0,1.407,160000.0,20.93,19.91,-1.012,18.87,41.52,502.9,0.0,531.2,25.89,13.03
"2024-08-23 16:15:00","RIGI",1.836,115.7,44.58,1.608,247.8,36.86,0.664,-0.32,-0.714,-0.332,2.357,161500.0,2.014,161500.0,20.32,19.7,-0.613,18.48,41.2,251.3,0.0,531.1,25.55,13.03
"2024-08-23 16:30:00","RIGI",2.592,108.1,27.66,2.421,258.8,23.63,0.845,-0.276,-0.896,-0.187,2.211,163000.0,2.405,163000.0,20.42,19.77,-0.653,18.31,41.22,420.6,0.0,531.0,25.18,13.04
"2024-08-23 16:45:00","RIGI",2.081,126.6,29.43,2.092,232.2,29.03,0.702,-0.522,-0.694,-0.538,3.315,164500.0,3.751,164500.0,20.71,20.04,-0.671,19.07,38.86,353.9,0.0,531.1,25.69,13.03
"2024-08-23 17:00:00","RIGI",3.968,124.8,12.92,4.288,236.4,14.89,0.8,-0.557,-0.805,-0.535,3.245,170000.0,3.229,170000.0,19.6,19.48,-0.118,17.64,40.04,52.91,0.0,531.1,24.62,13.04
"2024-08-23 17:15:00","RIGI",4.118,124.2,12.58,4.558,234.4,11.18,0.807,-0.549,-0.798,-0.571,3.089,171500.0,3.061,171500.0,18.98,19.04,0.057,16.99,40.6,45.55,0.0,530.8,22.99,13.06
"2024-08-23 17:30:00","RIGI",3.577,124.2,8.84,3.923,234.1,8.74,0.817,-0.555,-0.801,-0.579,3.836,173000.0,4.38,173000.0,18.55,18.77,0.221,16.63,41.84,26.19,0.0,530.8,21.65,13.07
"2024-08-23 17:45:00","RIGI",3.38,119.7,9.89,3.711,237.7,9.97,0.856,-0.488,-0.833,-0.526,3.091,174500.0,3.32,174500.0,18.51,18.68,0.171,16.63,41.73,35.8,0.0,530.8,20.75,13.09
"2024-08-23 18:00:00","RIGI",3.787,94.9,35.27,4.433,266.5,34.08,0.823,-0.07,-0.835,-0.05,3.14,180000.0,4.636,180000.0,18.16,18.15,-0.015,16.48,42.66,50.15,0.0,530.9,20.2,13.1
"2024-08-23 18:15:00","RIGI",4.626,31.31,15.65,5.54,322.0,14.43,0.501,0.823,-0.596,0.764,5.856,181500.0,6.089,181500.0,16.19,16.12,-0.073,14.64,50.57,18.3,0.0,530.9,19.32,13.11
"2024-08-23 18:30:00","RIGI",2.706,47.57,26.34,3.092,310.7,19.68,0.663,0.606,-0.714,0.615,3.282,183000.0,3.372,183000.0,16.02,16.06,0.034,14.31,51.51,11.78,0.0,530.9,18.38,13.12
"2024-08-23 18:45:00","RIGI",2.667,30.45,11.25,2.902,323.6,8.25,0.497,0.846,-0.587,0.797,1.684,184500.0,2.181,184500.0,16.0,16.24,0.238,14.26,50.74,1.923,0.0,531.0,17.58,13.14
"2024-08-23 19:00:00","RIGI",1.131,308.0,50.9,0.573,33.62,37.37,-0.529,0.413,0.384,0.44,0.872,190000.0,1.369,190000.0,15.01,15.57,0.565,13.89,53.76,0.0,0.0,531.1,16.82,13.15
"2024-08-23 19:15:00","RIGI",0.548,131.4,94.2,0.289,222.2,25.82,-0.01,-0.078,-0.026,-0.429,0.922,191500.0,0.977,191500.0,15.1,15.71,0.608,13.11,54.57,0.0,0.0,531.3,16.01,13.17
"2024-08-23 19:30:00","RIGI",1.045,103.1,15.84,0.537,246.5,9.24,0.937,-0.219,-0.899,-0.389,0.914,193000.0,0.0,191742.0,16.16,16.88,0.719,14.5,47.52,0.0,0.0,531.3,15.67,13.18
"2024-08-23 19:45:00","RIGI",0.51,84.8,30.05,0.0,0.0,0.0,0.811,0.146,-0.93,-0.159,0.161,194500.0,0.0,191742.0,16.39,16.98,0.59,14.91,45.92,0.0,0.0,531.5,15.48,13.18
"2024-08-23 20:00:00","RIGI",0.496,119.9,14.02,0.022,231.5,3.121,0.853,-0.426,-0.837,-0.465,0.956,200000.0,0.0,195754.0,16.35,16.92,0.565,14.89,45.64,0.0,0.0,531.5,15.32,13.19
"2024-08-23 20:15:00","RIGI",0.454,93.5,45.18,0.0,0.0,0.0,0.731,-0.101,-0.827,-0.276,1.077,201500.0,0.0,195754.0,16.12,16.71,0.59,14.77,46.75,0.0,0.0,531.7,15.2,13.2
"2024-08-23 20:30:00","RIGI",0.87,326.3,14.34,0.001,38.25,0.0,-0.492,0.817,0.616,0.758,0.0,202118.0,0.0,202024.0,15.26,16.32,1.066,13.84,50.92,0.0,0.0,531.7,15.0,13.2
"2024-08-23 20:45:00","RIGI",1.473,87.9,27.68,1.195,252.1,7.308,0.888,0.033,-0.72,-0.077,3.174,204500.0,3.897,204500.0,16.01,16.69,0.676,14.23,48.78,0.0,0.0,531.7,15.04,13.21
"2024-08-23 21:00:00","RIGI",5.129,100.7,25.6,5.86,256.7,23.53,0.888,-0.168,-0.894,-0.212,4.46,210000.0,5.736,210000.0,15.54,15.6,0.067,14.24,50.66,0.006,0.0,532.2,15.44,13.2
"2024-08-23 21:15:00","RIGI",3.727,69.38,32.99,4.259,289.3,29.98,0.792,0.298,-0.822,0.288,3.483,211500.0,4.329,211500.0,13.24,13.08,-0.161,11.88,67.19,0.0,0.0,532.2,15.28,13.21
"2024-08-23 21:30:00","RIGI",3.247,42.42,40.32,4.244,311.9,30.6,0.525,0.575,-0.644,0.578,6.444,213000.0,7.788,213000.0,12.44,12.28,-0.163,11.14,74.44,0.0,0.0,532.2,14.84,13.22
"2024-08-23 21:45:00","RIGI",4.339,37.81,18.66,5.243,316.1,14.07,0.581,0.749,-0.673,0.699,3.546,214500.0,4.333,214500.0,11.76,11.67,-0.091,10.38,80.3,0.0,0.0,532.3,14.2,13.23
"2024-08-23 22:00:00","RIGI",3.556,49.59,16.78,4.274,305.9,11.99,0.729,0.621,-0.792,0.574,3.332,220000.0,4.14,220000.0,11.96,11.94,-0.019,10.46,77.81,0.0,0.004,532.3,13.64,13.24
"2024-08-23 22:15:00","RIGI",3.159,48.8,14.86,3.929,302.4,9.78,0.727,0.637,-0.832,0.528,2.42,221500.0,3.144,221500.0,12.3,12.35,0.051,10.75,73.85,0.0,0.0,532.3,13.29,13.25
"2024-08-23 22:30:00","RIGI",2.509,47.66,16.05,3.125,306.1,12.06,0.711,0.647,-0.79,0.576,2.37,223000.0,2.503,223000.0,12.52,12.6,0.084,11.09,71.03,0.0,0.0,532.4,13.11,13.26
"2024-08-23 22:45:00","RIGI",2.517,49.87,18.61,3.191,305.7,16.1,0.725,0.611,-0.781,0.561,2.332,224500.0,2.85,224500.0,12.51,12.63,0.115,11.07,70.74,0.0,0.0,532.2,13.0,13.26
"2024-08-23 23:00:00","RIGI",2.509,52.63,28.58,3.118,303.8,20.11,0.701,0.535,-0.781,0.523,1.479,230000.0,1.633,230000.0,12.68,12.74,0.058,11.24,67.82,0.0,0.0,532.1,12.96,13.26
"2024-08-23 23:15:00","RIGI",2.006,54.04,36.12,2.488,301.8,27.19,0.662,0.48,-0.769,0.428,0.935,231500.0,1.06,231500.0,12.6,12.63,0.034,11.25,65.83,0.0,0.0,531.7,12.98,13.26
"2024-08-23 23:30:00","RIGI",1.174,57.92,41.59,1.261,296.1,36.06,0.652,0.39,-0.715,0.318,1.809,233000.0,2.2,233000.0,12.64,12.73,0.094,11.17,63.11,0.0,0.0,531.6,12.89,13.27
"2024-08-23 23:45:00","RIGI",1.798,38.96,23.01,2.148,313.0,22.54,0.58,0.717,-0.676,0.631,1.669,234500.0,2.167,234500.0,12.56,12.7,0.14,11.23,62.22,0.0,0.0,531.5,12.79,13.27
"2024-08-24 00:00:00","RIGI",2.202,51.42,21.21,2.626,304.8,18.35,0.729,0.582,-0.779,0.543,2.651,0.0,3.186,0.0,12.89,13.04,0.148,11.32,61.4,0.0,0.0,531.6,12.85,13.27
"2024-08-24 00:15:00","RIGI",2.844,63.46,11.16,3.55,294.8,11.57,0.878,0.438,-0.889,0.411,2.99,1500.0,3.694,1500.0,13.24,13.32,0.088,11.76,57.53,0.0,0.0,531.5,13.07,13.27
"2024-08-24 00:30:00","RIGI",2.523,75.49,19.32,3.167,284.7,16.63,0.914,0.237,-0.927,0.242,2.835,3000.0,3.556,3000.0,13.0,13.08,0.08,11.66,58.14,0.0,0.0,531.5,13.2,13.27
"2024-08-24 00:45:00","RIGI",3.194,97.0,26.76,3.597,266.9,18.61,0.889,-0.11,-0.947,-0.051,3.317,4500.0,4.276,4500.0,12.79,12.86,0.066,11.44,59.13,0.0,0.0,531.6,13.18,13.27
"2024-08-24 01:00:00","RIGI",2.772,102.7,19.85,2.816,263.0,20.44,0.918,-0.207,-0.931,-0.114,2.167,10000.0,2.661,10000.0,12.35,12.46,0.111,11.12,61.26,0.0,0.0,531.7,13.04,13.28
"2024-08-24 01:15:00","RIGI",2.343,80.4,30.27,2.716,277.8,21.09,0.856,0.146,-0.925,0.127,1.68,11500.0,2.285,11500.0,12.05,12.12,0.076,10.72,63.66,0.0,0.0,531.5,12.81,13.28
"2024-08-24 01:30:00","RIGI",2.196,76.75,25.45,2.472,283.2,21.15,0.881,0.208,-0.909,0.214,2.477,13000.0,1.075,13000.0,12.05,12.18,0.124,10.68,63.52,0.0,0.0,531.6,12.61,13.28
"2024-08-24 01:45:00","RIGI",1.539,80.9,40.26,1.756,281.1,23.0,0.77,0.124,-0.894,0.195,2.697,14500.0,2.888,14500.0,12.12,12.23,0.112,10.76,62.6,0.0,0.0,531.4,12.52,13.29
"2024-08-24 02:00:00","RIGI",3.044,91.7,19.45,3.503,268.8,17.03,0.943,-0.028,-0.956,-0.02,4.269,20000.0,4.98,20000.0,12.64,12.74,0.099,11.12,59.03,0.0,0.0,531.1,12.57,13.29
"2024-08-24 02:15:00","RIGI",6.074,114.9,16.2,6.644,247.3,16.7,0.871,-0.405,-0.884,-0.369,5.586,21500.0,6.131,21500.0,13.13,13.19,0.065,11.74,55.23,0.0,0.0,531.3,12.87,13.28
"2024-08-24 02:30:00","RIGI",5.311,111.9,17.79,5.602,252.3,19.42,0.884,-0.355,-0.899,-0.288,4.42,23000.0,4.745,23000.0,12.88,12.89,0.009,11.53,56.73,0.0,0.0,531.4,13.08,13.28
"2024-08-24 02:45:00","RIGI",3.201,81.9,23.05,3.863,272.8,20.71,0.912,0.13,-0.935,0.046,2.3,24500.0,3.387,24500.0,12.19,12.18,-0.015,10.91,61.25,0.0,0.0,531.2,13.05,13.28
"2024-08-24 03:00:00","RIGI",2.382,59.89,31.77,2.516,296.3,31.72,0.741,0.429,-0.76,0.389,3.009,30000.0,3.611,30000.0,11.96,12.01,0.05,10.64,62.87,0.0,0.0,531.3,12.85,13.28
"2024-08-24 03:15:00","RIGI",1.424,60.05,64.03,1.394,306.2,42.25,0.454,0.261,-0.575,0.32,1.276,31500.0,0.667,31500.0,11.58,11.7,0.113,10.33,64.84,0.0,0.0,531.4,12.59,13.29
"2024-08-24 03:30:00","RIGI",2.597,83.6,30.81,3.101,276.6,24.7,0.859,0.096,-0.904,0.105,1.233,33000.0,1.578,33000.0,11.64,11.72,0.076,10.26,64.68,0.0,0.0,531.5,12.35,13.29
"2024-08-24 03:45:00","RIGI",3.045,113.1,18.43,3.083,251.7,17.14,0.873,-0.372,-0.908,-0.299,3.58,34500.0,4.009,34500.0,11.51,11.6,0.09,10.24,64.86,0.0,0.0,531.4,12.2,13.3
"2024-08-24 04:00:00","RIGI",3.795,121.0,12.16,4.114,239.7,12.28,0.838,-0.503,-0.844,-0.493,4.242,40000.0,4.709,40000.0,11.32,11.51,0.198,10.06,65.62,0.0,0.0,531.3,12.05,13.3
"2024-08-24 04:15:00","RIGI",3.841,122.1,11.37,4.249,236.3,11.38,0.831,-0.521,-0.816,-0.544,4.293,41500.0,4.836,41500.0,11.32,11.54,0.225,10.06,65.16,0.0,0.0,531.4,11.93,13.3
"2024-08-24 04:30:00","RIGI",4.001,120.1,10.62,4.454,237.6,10.41,0.85,-0.493,-0.83,-0.527,3.593,43000.0,3.92,43000.0,11.09,11.35,0.263,9.89,66.06,0.0,0.0,531.4,11.79,13.3
"2024-08-24 04:45:00","RIGI",3.974,118.4,11.04,4.282,246.3,13.23,0.863,-0.467,-0.892,-0.391,3.451,44500.0,4.259,44500.0,10.98,11.19,0.214,9.73,66.6,0.0,0.0,531.4,11.61,13.31
"2024-08-24 05:00:00","RIGI",2.932,90.4,28.2,3.145,273.0,22.03,0.885,-0.006,-0.927,0.048,3.483,50000.0,4.418,50000.0,10.92,11.05,0.129,9.69,66.76,0.0,0.0,531.3,11.44,13.31
"2024-08-24 05:15:00","RIGI",2.583,53.95,17.51,3.289,302.5,16.62,0.771,0.561,-0.808,0.515,2.486,51500.0,3.436,51500.0,10.85,10.99,0.147,9.55,67.57,0.0,0.0,531.3,11.26,13.31
"2024-08-24 05:30:00","RIGI",2.274,58.38,31.28,2.93,300.1,20.25,0.733,0.451,-0.813,0.471,2.56,53000.0,3.252,53000.0,11.37,11.57,0.203,9.93,63.56,3.313,0.0,531.4,11.15,13.32
"2024-08-24 05:45:00","RIGI",2.827,59.21,27.07,3.63,294.3,22.75,0.767,0.457,-0.842,0.38,3.848,54500.0,4.932,54500.0,11.57,11.69,0.123,10.29,62.1,21.46,0.0,531.5,11.26,13.31
"2024-08-24 06:00:00","RIGI",2.522,70.62,25.57,3.153,289.7,18.92,0.853,0.3,-0.891,0.319,2.097,60000.0,1.86,60000.0,11.91,11.76,-0.149,10.61,61.3,68.25,0.0,531.5,11.82,13.3
"2024-08-24 06:15:00","RIGI",1.779,42.22,39.06,2.179,299.6,28.62,0.532,0.586,-0.719,0.464,1.853,61500.0,1.819,61500.0,12.39,12.03,-0.355,11.04,60.49,144.0,0.0,531.7,12.7,13.28
